{"coef": [-1.1527990180604346, 0.12784494245683667, -0.22509579512019326, -0.5573911982288764, 0.03747347491408577, 0.5929218586766425, -0.028770581385448392, 0.2495845503535831, -0.019021848566718073, 0.09826863944164714, 0.15035874476011973, -0.031326692954273073, -0.25215032344617727, 0.0018177120611070309, -0.11454968714072532, -0.019706971887309552, 0.20222968113151846, 0.33253585629062676, -0.25277561259967174, -0.04817696022125543, 0.03452516624700388, -0.9410405435086024, 0.11836156677144762, 0.31674863032264616, -0.657132969365638, -0.003040877150610146, 0.5718969459576178, 0.24508185709183142, -0.40363663243569387, 0.836041980143063, -0.1567676774943487, -0.047335022222037636, -0.03126258889303611, 0.003889922801480425, -0.01684501567867864, 0.5228643157945115, -0.07551272584614069, -0.08330354367404182, 0.5264443597435503, -0.6092356068002853, -0.0642921546438972, 0.2971932917870923, -0.44900479380922154, 0.06765778558017173, 0.12219892151791155, -0.09809773443522493, -0.4211960123033457, 0.44312335933320524, -0.0645320208452874, -0.10053417835529595, 0.16965828387039075, -0.47702385733640645, 0.23995363456856328, 0.7203140973953946, -0.2760142147781121, -0.19148163431138024, 0.22673272711593645, -0.5636757414056113, 0.19103418592558125, 0.10640122624249809], "intercept": [-0.0624459295564266]}