{"coef": [-0.7198781306978607, -0.16813767834374582, -0.18670417014550106, -0.7786210511594299, 0.07730127999481935, 0.15936147846662785, -0.04943249861288195, 0.26360954975906553, 0.28638109854854865, 0.1948384655949087, 0.11080391970051394, 0.3596065299467452, -0.5410388736348153, -0.04962662052957519, 0.5288229549433819, -0.5256784645712828, 0.10601064402008208, -0.09269436148835504, -0.309551306278184, 0.36163579326588047, -0.13674097039098201, 0.00772547345403145, 0.03772645508845559, 0.4235460145572508, -0.2713678955240357, -0.02742077892002639, 0.7135634064042015, 0.02404679361676673, -0.26426027335770746, 0.6150048025929749, 0.05324080084790392, -0.30824470310858637, -0.28172199171189605, 0.44247992512880563, 0.07815510404936041, -0.24757759965981643, -0.2737990691641751, 0.1463430567224875, 0.02022746569121664, -0.6990100262626685, 0.15222399648697263, 0.5431784030042911, 0.18956471368500805, 0.0389185292767238, 0.2915220281407748, -0.188974290706137, -0.1830863950547073, 0.5459501317968126, -0.21771755420701944, 0.03893335506900247, 0.29048441869156794, -0.07631201102233502, 0.20869302352884753, 0.44020205753527625, -0.3989017474772914, -0.2566393984644868, -0.15792833357228692, -0.5067563353977462, 0.22488418842397145, -0.09277561495011662], "intercept": [-0.06451481724924665]}